<node>
	<constants>
		<DS_MULTICAST_CLUSTER_SIZE>20</DS_MULTICAST_CLUSTER_SIZE>
		<COMM_SIZE>600</COMM_SIZE>
		<MAX_POW1_WINNERS>10</MAX_POW1_WINNERS>
		<POW1_WINDOW_IN_SECONDS>300</POW1_WINDOW_IN_SECONDS>
		<POW1_BACKUP_WINDOW_IN_SECONDS>250</POW1_BACKUP_WINDOW_IN_SECONDS>
		<LEADER_SHARDING_PREPARATION_IN_SECONDS>10</LEADER_SHARDING_PREPARATION_IN_SECONDS>
		<LEADER_POW2_WINDOW_IN_SECONDS>250</LEADER_POW2_WINDOW_IN_SECONDS>
		<BACKUP_POW2_WINDOW_IN_SECONDS>300</BACKUP_POW2_WINDOW_IN_SECONDS>
		<NEW_NODE_POW2_TIMEOUT_IN_SECONDS>30</NEW_NODE_POW2_TIMEOUT_IN_SECONDS>
		<POW_SUB_BUFFER_TIME>5000</POW_SUB_BUFFER_TIME>
		<POW1_DIFFICULTY>3</POW1_DIFFICULTY>
		<POW2_DIFFICULTY>3</POW2_DIFFICULTY>
		<NUM_FINAL_BLOCK_PER_POW>50</NUM_FINAL_BLOCK_PER_POW>
	</constants>
	<lookups>
	<!--IP to be provided after public testnet launch.
		<peer>
			<ip></ip>
			<port>30303</port>
		</peer>
		<peer>
			<ip></ip>
			<port>30303</port>
		</peer>
		<peer>
			<ip></ip>
			<port>30303</port>
		</peer>
		<peer>
			<ip></ip>
			<port>30303</port>
		</peer>
		<peer>
			<ip></ip>
			<port>30303</port>
		</peer>
	-->
	</lookups>
</node>
