<node>
	<constants>
		<DS_MULTICAST_CLUSTER_SIZE>20</DS_MULTICAST_CLUSTER_SIZE>
		<COMM_SIZE>10</COMM_SIZE>
		<MAX_POW1_WINNERS>10</MAX_POW1_WINNERS>
		<POW1_WINDOW_IN_SECONDS>30</POW1_WINDOW_IN_SECONDS>
		<POW1_BACKUP_WINDOW_IN_SECONDS>25</POW1_BACKUP_WINDOW_IN_SECONDS>
		<LEADER_SHARDING_PREPARATION_IN_SECONDS>10</LEADER_SHARDING_PREPARATION_IN_SECONDS>
		<LEADER_POW2_WINDOW_IN_SECONDS>20</LEADER_POW2_WINDOW_IN_SECONDS>
		<BACKUP_POW2_WINDOW_IN_SECONDS>30</BACKUP_POW2_WINDOW_IN_SECONDS>
		<NEW_NODE_POW2_TIMEOUT_IN_SECONDS>30</NEW_NODE_POW2_TIMEOUT_IN_SECONDS>
		<POW_SUB_BUFFER_TIME>100</POW_SUB_BUFFER_TIME>
		<POW1_DIFFICULTY>3</POW1_DIFFICULTY>
		<POW2_DIFFICULTY>3</POW2_DIFFICULTY>
		<NUM_FINAL_BLOCK_PER_POW>5</NUM_FINAL_BLOCK_PER_POW>
	</constants>
	<lookups>
		<peer>
			<ip>127.0.0.1</ip>
			<port>5000</port>
		</peer>
	</lookups>
</node>
